ID,FirstName,LastName,Email,Phone,DateOfBirth,Department,Salary,Status,Notes,Column_11,Column_12,Column_13,Column_14,Column_15,Column_16,Column_17,Column_18,Column_19,Column_20,Column_21,Column_22,Column_23,Column_24,Column_25,Column_26,Column_27,Column_28,Column_29,Column_30,Column_31,Column_32,Column_33,Column_34,Column_35,Column_36,Column_37,Column_38,Column_39,Column_40,Column_41,Column_42,Column_43,Column_44,Column_45,Column_46,Column_47,Column_48,Column_49,Column_50
1,Hannah,Miller,hannah.miller@example.com,555-5076,1990-05-15,Sales,61237,,Needs review,835,,,Data_1_14,843,Data_1_16,,,,,,,568,error,,error,Data_1_27,319,823,440,, ,511,,Data_1_35,944,404,,Data_1_39,Data_1_40,,776,NULL,693,,749,450,139,879,
2,Alice,Williams,alice.williams@example.com,555-9703,1990-05-15,Marketing,60510,Pending,On leave,80,537,625,,Data_2_15,,,,Data_2_19,85,NULL,557,Data_2_23,Data_2_24,436,610,Data_2_27,NULL,,,900,,Data_2_33,,690,,Data_2_37, ,error,,222,404,169,NULL,432,570,Data_2_47,#N/A,,367
3,Fiona,Brown,fiona.brown@example.com,555-8004,05/15/1990,Finance,94909,,,NULL,Data_3_12,914,550,,503,591,176,Data_3_19,Data_3_20,,315,660,Data_3_24,,,946,138,,195,Data_3_31,4,1,,Data_3_35,246,error,727,712, ,Data_3_41,,,,,NULL,NULL,Data_3_48,,Data_3_50
4,Fiona,Jones,fiona.jones@example.com,,,Finance,61580,Pending,,768,#N/A,414,Data_4_14,,,, ,429,NULL,305,,Data_4_23,,Data_4_25,#N/A,,Data_4_28,,Data_4_30,,,217,,Data_4_35,,,Data_4_38,,Data_4_40,Data_4_41,Data_4_42,Data_4_43,Data_4_44,Data_4_45,Data_4_46,Data_4_47,NULL,error,413
5,Charlie,Garcia,charlie.garcia@example.com,555-9457,1990-05-15,Engineering,100375,,"Promoted, highly skilled",797,,40, ,Data_5_15,419,#N/A,,Data_5_19,909, , ,150,Data_5_24,,211,,352,Data_5_29,,625,,,Data_5_34,Data_5_35,Data_5_36,221,185,#N/A,Data_5_40,,#N/A,Data_5_43,,Data_5_45,Data_5_46,625,957,,
6,Charlie,Brown,,,1990-05-15,Finance,,,Needs review,,,,,,304,NULL,858,319,,,, ,64,,,165,,Data_6_29,#N/A,,Data_6_32,Data_6_33,,,Data_6_36,Data_6_37,776,144,Data_6_40,Data_6_41,500,#N/A,216,354,,5,,221,Data_6_50
7,Alice,Miller,alice.miller@example.com,555-7374,05/15/1990,Engineering,TBD,Active,Good worker,426,60,Data_7_13,641, ,,,Data_7_18,,Data_7_20,,211,Data_7_23,846,437,Data_7_26,,Data_7_28,, ,249,792,NULL,Data_7_34,,,Data_7_37,891,error,Data_7_40,977,Data_7_42,NULL,error,NULL,,,236,Data_7_49,NULL
8,Hannah,Davis,hannah.davis@example.com,555-8840,05/15/1990,Engineering,55048,Active,,73,Data_8_12,Data_8_13,Data_8_14,Data_8_15,Data_8_16,error,,,,658,,Data_8_23,Data_8_24,Data_8_25,101, ,,811,353,989,,69,,,,Data_8_37,322, ,,130,512,19,,5,878,624,285,,NULL
9,Alice,Garcia,,,,Finance,54493,Pending,,,,936,Data_9_14,Data_9_15,,284,,14,,,262,,,Data_9_25,Data_9_26,,Data_9_28,,,721,73,,Data_9_34,#N/A,Data_9_36,919,976,Data_9_39,673,105,,773, ,error,451,Data_9_47,,#N/A,256
10,George,Smith,,555-8496,05/15/1990,IT,112746,Pending,,,Data_10_12,error,Data_10_14,,,NULL,507,705,Data_10_20,962,823, ,555,,,Data_10_27,NULL, ,388,,,Data_10_33,,606,Data_10_36, ,error,,915,NULL,,,,,372,Data_10_47,,,Data_10_50
11,Evan,Williams,evan.williams@example.com,555-6850,1990-05-15,HR,119172,Pending,Needs review, ,391,924,682,,#N/A,, ,,Data_11_20,,811,Data_11_23,Data_11_24,,Data_11_26,,Data_11_28,,,Data_11_31,273,Data_11_33,Data_11_34,611,193,,,,,Data_11_41,466,Data_11_43,672,, ,#N/A,96,,
12,Hannah,Jones,hannah.jones@example.com,,05/15/1990,HR,70432,Active,, ,,,error,Data_12_15,Data_12_16,,,error,Data_12_20,Data_12_21,Data_12_22,error,,330,518,Data_12_27,337,912,error,575,,514,130,,,Data_12_37,,,,,397,Data_12_43,733,190,,,966,Data_12_49, 
13,Alice,Garcia,alice.garcia@example.com,555-4399,05/15/1990,Marketing,,Pending,On leave,Data_13_11,270,20,626,Data_13_15,,310,,, , ,570,#N/A,Data_13_24, ,736,Data_13_27,813,Data_13_29,907,#N/A,879,607,,,,error,,Data_13_39,606,Data_13_41,292,107,Data_13_44,387,,Data_13_47,NULL,142,error
14,Charlie,Jones,charlie.jones@example.com,555-3488,May 15th 90,Marketing,94977,Active,On leave,error,864,83,,Data_14_15,,#N/A,Data_14_18,,29,367,240,334,745,,,,,error, ,60,279,Data_14_33,193,482,,539,Data_14_38,Data_14_39,Data_14_40,374,,NULL,Data_14_44,#N/A,,Data_14_47,,488,Data_14_50
15,Alice,Brown,alice.brown@example.com,555-2676,1990-05-15,Sales,88033,Inactive,,555,604,Data_15_13,,580,NULL,131,,782,,,Data_15_22,Data_15_23,350,,NULL,NULL,#N/A,75,Data_15_30,612,563,,,Data_15_35,97,,,175,Data_15_40,Data_15_41,869,300,Data_15_44,,212,,error,690,9
16,Alice,Miller,alice.miller@example.com,555-8667,1990-05-15,,92920,Inactive,,51,970,Data_16_13,Data_16_14,,Data_16_16,Data_16_17,152,26,964,687,,912,Data_16_24,94,976,Data_16_27,#N/A,,error,,error,Data_16_33,Data_16_34,823, ,468,,,737,,,,330,#N/A,,Data_16_47,576,, 
17,,Davis,hannah.davis@example.com,555-3021,05/15/1990,HR,TBD,Pending,On leave,,99,971,Data_17_14,Data_17_15,909,391,,error,783,806,,Data_17_23,Data_17_24, ,182,851, ,Data_17_29,Data_17_30,432,,85,Data_17_34,,474,,,280,304,NULL,,975,,,#N/A,,Data_17_48,,Data_17_50
18,Charlie,Williams,charlie.williams@example.com,555-7350,05/15/1990,IT,50243,,,17,811,907,NULL,,Data_18_16,110,742,Data_18_19,768,,816,287,,Data_18_25,,#N/A,676,Data_18_29,534,480,Data_18_32,804, ,405,74,657,Data_18_38,Data_18_39,NULL,Data_18_41,615,,912,,293,,147,NULL,Data_18_50
19,Bob,Smith,bob.smithexample.com,555-3874,1990-05-15,Sales,$61270,Pending,Needs review,256,Data_19_12,Data_19_13,Data_19_14,NULL,915,,Data_19_18,Data_19_19,,,,165,Data_19_24,,,,216,#N/A,,Data_19_31,,534,,,,,NULL,,,,,Data_19_43,,Data_19_45,102,, ,552, 
20,George,Johnson,george.johnsonexample.com,,1990-05-15,Marketing,,Pending,On leave,85,,Data_20_13,623,error,,error,#N/A,60,460,,,,229,,,,488,55, ,37,75,Data_20_33,272,721,,,,,,319,571,Data_20_43,931,,680,,,,776
21,Bob,Garcia,bob.garcia@example.com,555-7177,1990-05-15,Finance,96442,Pending,Good worker,Data_21_11,886,,Data_21_14,185,355,706,992,#N/A,,844,,,218,,755,,,Data_21_29,#N/A,825,,77,,319,,#N/A,,NULL,Data_21_40,499,error,Data_21_43,,383,Data_21_46,#N/A,467, ,338
22,Hannah,Davis,hannah.davisexample.com,555-3040,,IT,115747,Pending,On leave,997,Data_22_12,Data_22_13,205,838,Data_22_16,,Data_22_18,,Data_22_20,#N/A,Data_22_22,Data_22_23,,,824,996,,565,,Data_22_31,, ,error,54, ,,742,470,error,,,Data_22_43,984,Data_22_45,,873,Data_22_48,710,
23,Diana,Garcia,diana.garcia@example.com,555-7116,May 15th 90,Sales,103362,Inactive,On leave,,Data_23_12,Data_23_13,NULL,617,11,Data_23_17,Data_23_18,#N/A, ,,474,165,,error,583,Data_23_27,,,Data_23_30,705,,#N/A,,error,Data_23_36,NULL,877,155,,Data_23_41,490,22,,,Data_23_46,,Data_23_48,465,997
24,Bob,Johnson,bob.johnson@example.com,555-9978,1990-05-15,Marketing,$90241,Active,"Promoted, highly skilled",978,788,640,526,Data_24_15,Data_24_16,,146,886,,Data_24_21,827,Data_24_23,930,0,449,,815,,Data_24_30,NULL,NULL,error,error,Data_24_35,667,Data_24_37,,515,Data_24_40,,NULL,,Data_24_44,,834,464,770,517,Data_24_50
25,Fiona,Jones,fiona.jones@example.com,555-5016,May 15th 90,HR,95571,Active,"Promoted, highly skilled",10,Data_25_12,Data_25_13,Data_25_14,,,354,Data_25_18,,,NULL,378,,53,Data_25_25,,Data_25_27,,998,#N/A,768,344,Data_25_33,#N/A,,575,,263,542,904,283,Data_25_42,#N/A,,293,989,,,9,Data_25_50
26,Bob,Jones,bob.jonesexample.com,555-2595,1990-05-15,,75670,Active,,,353,Data_26_13,727,677,Data_26_16,842,51,388,,,Data_26_22,,326,#N/A,Data_26_26,460,Data_26_28,Data_26_29,763,Data_26_31,995,240,491,Data_26_35,437,error,NULL,Data_26_39,Data_26_40,Data_26_41, ,,88,,#N/A,Data_26_47,,Data_26_49,NULL
27,George,Jones,george.jones@example.com,555-7053,1990-05-15,Sales,54071,Inactive,,,,Data_27_13,98, ,#N/A,,,829,Data_27_20,561,,361,Data_27_24,NULL,118,635,NULL,#N/A,,,729,,915,,Data_27_36,Data_27_37,881,736,Data_27_40,,41,49,186,Data_27_45,905,250,541,NULL,error
28,Fiona,Miller,fiona.miller@example.com,555-1201,,IT,57967,,,Data_28_11,Data_28_12,,Data_28_14,849,711,,Data_28_18,Data_28_19,,NULL,342,194,236,,,,NULL,error,Data_28_30,198,,error, ,501,Data_28_36,NULL,,,927,552,,,733,Data_28_45,NULL,,error,,Data_28_50
29,Diana,Garcia,diana.garcia@example.com,555-1296,05/15/1990,IT,50211,,On leave,331,528,28,658,Data_29_15,Data_29_16,593,,Data_29_19,,335,#N/A,,Data_29_24,518,289,181,,,55,397,Data_29_32,Data_29_33,524,Data_29_35,277,,736,,571,Data_29_41,error,,Data_29_44,,NULL,416,693,Data_29_49,295
30,Charlie,Johnson,charlie.johnson@example.com,555-8105,,HR,$84008,Inactive,,661,,516,18,229,,Data_30_17,180,,651,,602,error,763,Data_30_25,243,529,,,#N/A,Data_30_31,122,973,,61,Data_30_36,,NULL,,891,error,,211,,,509,,749,834,Data_30_50
31,Bob,Brown,bob.brown@example.com,555-4650,1990-05-15,,53689,Active,,,Data_31_12,4,43,843,121,796,865, ,,,Data_31_22,,Data_31_24,692,,NULL,Data_31_28,,Data_31_30,745,635,434,,Data_31_35,,821,,,,Data_31_41,,,718,,NULL,363,,Data_31_49, 
32,Fiona,Miller,fiona.miller@example.com,,05/15/1990,IT,67984,Pending,,Data_32_11,652,45,373,Data_32_15,118,996,,#N/A,,NULL,356,,,396,Data_32_26,206,898,Data_32_29,500,822,384,#N/A,,NULL,730,226,,,687,944,Data_32_42,,390,,,,746,,Data_32_50
33,Fiona,Smith,fiona.smithexample.com,,1990-05-15,HR,50064,,Needs review,#N/A,427,725,,357,610,535,Data_33_18,error,,,Data_33_22,,,821,292,198,#N/A,,error,243,Data_33_32,#N/A,694,error,190,Data_33_37,,,,,Data_33_42,error,Data_33_44,,Data_33_46,31,Data_33_48,Data_33_49,
34,Fiona,Williams,fiona.williams@example.com,555-5201,May 15th 90,Marketing,$117870,Inactive,"Promoted, highly skilled",600,583,Data_34_13,,,,656,489,Data_34_19,,error,,34,Data_34_24,324,675,332,128,Data_34_29,Data_34_30,,353,418,Data_34_34,NULL,Data_34_36,709,Data_34_38,error,,Data_34_41,51,Data_34_43,Data_34_44,832,319,Data_34_47,170,,Data_34_50
35,Charlie,Garcia,,555-6889,05/15/1990,Finance,,Inactive,,,Data_35_12,,,error,,#N/A,382,331,,Data_35_21,Data_35_22,954,856,error,790,947,Data_35_28, ,Data_35_30,116,,,,,NULL,,Data_35_38,,,,Data_35_42,920,,,488,,,Data_35_49,#N/A
36,Evan,Brown,evan.brown@example.com,555-1741,1990-05-15,Sales,TBD,Active,On leave,error,652,763,Data_36_14,,116,,,,38,,334,Data_36_23,Data_36_24,194,Data_36_26,402,NULL,489,Data_36_30,495,17, ,60,,Data_36_36,855,,Data_36_39,543,,439,755,347,,,#N/A,,,75
37,Diana,Miller,diana.miller@example.com,555-7575,1990-05-15,Finance,,Pending,"Promoted, highly skilled",Data_37_11, ,,error,509,Data_37_16,,279,736,,#N/A,error,678,,,142,,524,355,445,,,Data_37_33,255,715,795,Data_37_37,Data_37_38,Data_37_39,,Data_37_41,NULL,138,NULL, ,360,Data_37_47,,,4
38,George,Smith,,555-9610,1990-05-15,HR,107347,Pending,,,965,Data_38_13,430,422,, ,,Data_38_19,,#N/A,,Data_38_23,#N/A,Data_38_25,Data_38_26,891, ,633,586,,655,,,,,Data_38_37,,Data_38_39,,,Data_38_42,,475,Data_38_45,Data_38_46,Data_38_47,Data_38_48,,
39,George,Miller,george.miller@example.com,555-3959,1990-05-15,Sales,,,,580,Data_39_12,,,Data_39_15,515,,938,321,Data_39_20,839,Data_39_22,717,,,NULL,391,#N/A,,Data_39_30,Data_39_31,469,Data_39_33,,525,#N/A,Data_39_37,618,,298,NULL,#N/A,Data_39_43,, ,586,,Data_39_48,NULL,832
40,Alice,Williams,alice.williams@example.com,,05/15/1990,Sales,$103843,Inactive,Good worker,,NULL,,430,,,967,674,Data_40_19, ,error,Data_40_22,Data_40_23,Data_40_24,Data_40_25, ,,,658,870,#N/A,Data_40_32,560,162,Data_40_35,,Data_40_37,247,418,,713,NULL,Data_40_43,error,,Data_40_46,,NULL,Data_40_49,188
41,Alice,Miller,alice.miller@example,555-1091,,HR,69577,Active,Good worker,,301,,,109,447,Data_41_17,Data_41_18, ,993,Data_41_21,465, ,397,,,,Data_41_28,522,699,,515,Data_41_33,786,6,NULL,249,error,Data_41_39,Data_41_40,323,,Data_41_43,, ,Data_41_46,Data_41_47,,797,387
42,Diana,Williams,diana.williamsexample.com,555-9632,1990-05-15,Sales,$73143,Inactive,,418,error,,,98,706,Data_42_17,,Data_42_19,,,Data_42_22,Data_42_23,751,,967,457,537,Data_42_29,,Data_42_31,,742,,,Data_42_36,,,909,#N/A,952,,995,403,,Data_42_46,Data_42_47,136,103,847
43,,Johnson,fiona.johnson@example,,,Marketing,117288,Active,,637,985,520,Data_43_14,Data_43_15,502,627,Data_43_18,842,495,475,,#N/A,Data_43_24,error,,Data_43_27,944,Data_43_29,,Data_43_31,28,,NULL,681,801,,852,,,,884,638,error,NULL,558,685,24,,
44,,Davis,,,1990-05-15,Sales,$87546,Inactive,"Promoted, highly skilled",,,,error,941,640,241,,,132,,Data_44_22,Data_44_23,303,288,865,,,985,24,error,,Data_44_33, ,,Data_44_36,,964,Data_44_39,,914,Data_44_42,Data_44_43,Data_44_44,Data_44_45,Data_44_46,,,,
45,Evan,Miller,evan.miller@example.com,,May 15th 90,Finance,,,Good worker, ,564,NULL,,Data_45_15,Data_45_16,,Data_45_18,Data_45_19,Data_45_20,Data_45_21,Data_45_22,error,,87, ,error,,,Data_45_30,,Data_45_32,,#N/A,319,,233,Data_45_38, ,Data_45_40,,,Data_45_43,,Data_45_45,,Data_45_47,Data_45_48,,error
46,Diana,Jones,diana.jones@example.com,555-9318,,Marketing,$59900,Active,On leave,Data_46_11,126,error,Data_46_14,Data_46_15,#N/A,315,Data_46_18,492,767,,150,603,error, ,Data_46_26,Data_46_27,,,,,,,,116,168,,230,, , ,Data_46_42,NULL,Data_46_44,Data_46_45,NULL,842,511,722,524
47,Bob,Garcia,bob.garcia@example.com,555-3157,1990-05-15,Engineering,76193,Inactive,Needs review,90,,346,320,,,2,Data_47_18,Data_47_19,Data_47_20,789,495,172,Data_47_24,237,864,Data_47_27,, ,,568,NULL,NULL,550,Data_47_35,Data_47_36,#N/A, ,Data_47_39,Data_47_40,911,,,Data_47_44,#N/A,Data_47_46, ,234,,
48,Hannah,Williams,,,05/15/1990,Sales,89775,Inactive,,,Data_48_12,,423,Data_48_15,Data_48_16,Data_48_17,249,164,Data_48_20,215,817,Data_48_23,Data_48_24,Data_48_25,error,NULL,,736,,324,62,Data_48_33,error,Data_48_35,,,738,#N/A,,,302,,770,931,,error,Data_48_48,,Data_48_50
49,Charlie,Brown,charlie.brown@example.com,,,Engineering,$77738,Inactive,,661,,317,707,NULL,965,Data_49_17,499,,,Data_49_21,Data_49_22,#N/A,Data_49_24,Data_49_25,,834,Data_49_28,639,,353,,error,738,,NULL,,Data_49_38,833,338,Data_49_41,Data_49_42,,,error, ,769,NULL,,288
50,Evan,Jones,evan.jones@example.com,555-5959,05/15/1990,Marketing,89129,Inactive,,Data_50_11,Data_50_12,559,929,Data_50_15,,447,,Data_50_19,Data_50_20,553,75,565,Data_50_24,Data_50_25,591,,967,282,484,102,101,598,727,485,966,320,,978,NULL,#N/A,NULL,,Data_50_44,Data_50_45,,,96,,489
51,  George  ,Smith,george.smith@example,555-3554,,Finance,106710,Active,,,NULL,71,,406,973,error, ,,,783,Data_51_22,,884,,768,Data_51_27,360,NULL,837,532,Data_51_32,Data_51_33,Data_51_34,638, ,32,,,,95,943,Data_51_43,,,Data_51_46,339,250,,error
52,Charlie,Garcia,charlie.garcia@example.com,555-8279,05/15/1990,IT,,Pending,"Promoted, highly skilled",,Data_52_12,,760,109,Data_52_16,Data_52_17,, ,NULL,Data_52_21,307,,Data_52_24,,,, ,NULL,,65,593,,Data_52_34,,266,Data_52_37,255,Data_52_39,,#N/A,,907,,Data_52_45,,965,NULL,Data_52_49,
53,George,Miller,george.millerexample.com,555-1788,1990-05-15,Finance,$113079,Inactive,Needs review,,167,870, ,Data_53_15,Data_53_16,199,,926,,385,Data_53_22,Data_53_23,375,Data_53_25,,#N/A,147,899,80,Data_53_31,561,,,135,,468,Data_53_38,755,797,,798,#N/A,error,Data_53_45,Data_53_46,Data_53_47,, ,760
54,,Williams,fiona.williams@example,555-8775,1990-05-15,Engineering,TBD,Pending,,,Data_54_12,112,,Data_54_15, ,866,Data_54_18,error,Data_54_20,406,#N/A,error,Data_54_24,Data_54_25,, ,961,998,556, ,Data_54_32,,NULL,error,,634,,736,Data_54_40,Data_54_41,Data_54_42,error,,,,429,840,Data_54_49,92
55,George,Miller,george.miller@example.com,,1990-05-15,IT,$97791,Active,,,NULL,,,,error,871,553,error,427,626, ,NULL,766,Data_55_25,939,521,Data_55_28,283,Data_55_30,732,,,608,783,794,,940,198,,454,834,,,814,Data_55_46,,, ,
56,George,Smith,,,,Sales,98561,Pending,"Promoted, highly skilled",4,707,Data_56_13, ,Data_56_15,,NULL,,,147,NULL,704,Data_56_23,,847,error,719,44,702,Data_56_30,,246,,,363,,Data_56_37,682,446,676,Data_56_41,791,524,Data_56_44,,Data_56_46,Data_56_47,,Data_56_49,
57,George,Jones,george.jonesexample.com,,1990-05-15,HR,,Pending,Needs review,,372,Data_57_13,677,,Data_57_16,,,,,Data_57_21,Data_57_22,Data_57_23,,470,594,Data_57_27,435,NULL,,Data_57_31,,507,781,error,,Data_57_37,,Data_57_39,12,NULL,,error,, ,,#N/A, ,30,
58,Evan,Garcia,evan.garcia@example.com,555-8583,1990-05-15,IT,79012,Active,,903,,Data_58_13,Data_58_14,NULL,,966,NULL,24,Data_58_20,77,955,Data_58_23,Data_58_24,527,Data_58_26,Data_58_27,438,638,256,447,250,,,Data_58_35,667,error,#N/A,#N/A,NULL,967,248,Data_58_43,Data_58_44,756,811,,Data_58_48,#N/A,
59,Hannah,Garcia,hannah.garciaexample.com,,May 15th 90,HR,116924,Inactive,Needs review,Data_59_11,error, ,Data_59_14,,331,Data_59_17,202,583,Data_59_20,,894, ,992,337,,,#N/A,832,,Data_59_31,,,,NULL,862,,NULL,42,Data_59_40,Data_59_41,,338,error,475,Data_59_46,867,803,,NULL
60,  Bob  ,Johnson,bob.johnson@example.com,555-4897,1990-05-15,Marketing,TBD,Pending,,Data_60_11,,196, ,Data_60_15,,424, ,Data_60_19,,415,731,640,Data_60_24,Data_60_25,#N/A,Data_60_27,error,Data_60_29,#N/A,Data_60_31,972,177, , ,593,329,Data_60_38,, ,17,,Data_60_43,Data_60_44,264,,695,,,NULL
61,Evan,Davis,evan.davisexample.com,555-8016,1990-05-15,,73743,,,Data_61_11,,455,332,,195,528,,207,#N/A,142,error,,73, ,,,,,865,189, ,648,574,error,201,Data_61_37,594,474,638,709, ,NULL,,Data_61_45,,Data_61_47,#N/A,981,
62,Alice,Brown,alice.brownexample.com,,1990-05-15,Marketing,$99617,,Needs review,Data_62_11,NULL,#N/A, ,,NULL,458,,,NULL,Data_62_21,933,,Data_62_24,error,122,70,Data_62_28,169,Data_62_30,Data_62_31,, ,Data_62_34,,NULL,NULL,error,Data_62_39,108,,NULL,error,,,337,838,621,,
63,Alice,,alice.smith@example.com,555-9349,May 15th 90,IT,66978,,,Data_63_11,Data_63_12,#N/A,, ,291,NULL,388,,,error,904,,199, ,,,,,,Data_63_31,919,Data_63_33,,,,506,,Data_63_39,21,,390,878,,31,Data_63_46,,,,357
64,Alice,Smith,alice.smithexample.com,,05/15/1990,Marketing,116560,Inactive,On leave,Data_64_11,,Data_64_13,Data_64_14,Data_64_15,#N/A,,Data_64_18,,37,NULL,441,Data_64_23,Data_64_24,Data_64_25,483, ,#N/A,Data_64_29,,857,442,513,,642,,998,error,813,,Data_64_41,812,111,565,308,,947,,,39
65,Hannah,Jones,hannah.jonesexample.com,555-6891,05/15/1990,Marketing,52778,,Needs review,180,,Data_65_13,#N/A,,,Data_65_17, ,483,,390,error,212,875,,481,Data_65_27,Data_65_28,201,915,,707,243,,,,,,Data_65_39,608,104,,,844,687,353,,,#N/A,
66,Fiona,,fiona.garcia@example.com,555-7832,05/15/1990,Marketing,102876,Pending,,323,,692,,311,Data_66_16,,Data_66_18,,,430,,527,Data_66_24, ,,,,,,Data_66_31,,Data_66_33,850,Data_66_35,290,, ,error,NULL,857,Data_66_42,,380,427,Data_66_46,,,,Data_66_50
67,George,Davis,george.davis@example.com,,05/15/1990,Marketing,60511,,,249,445,,,769,NULL,Data_67_17,NULL,,,Data_67_21,,624,239,156,error,947,Data_67_28,NULL,Data_67_30,54,Data_67_32,192,237,Data_67_35,600,409,Data_67_38,632,,523,Data_67_42,323,NULL,,#N/A,,Data_67_48,887,
68,Charlie,Davis,charlie.davis@example.com,555-2248,05/15/1990,HR,$93033,,Needs review,211, ,263,401,,Data_68_16,Data_68_17,24,,755,Data_68_21,583,Data_68_23, ,NULL, ,96,,867,415,954,#N/A,,,,,,Data_68_38,,Data_68_40,105,,771,,471,Data_68_46,Data_68_47,806,error,99
69,Diana,Davis,diana.davis@example.com,555-8350,05/15/1990,HR,116181,,Good worker,Data_69_11,86,,,,,error,,Data_69_19,Data_69_20,,Data_69_22,,,,Data_69_26,613,Data_69_28,Data_69_29,,573,475,Data_69_33,error,,,750,error,687,639,Data_69_41,NULL,,461,Data_69_45,Data_69_46,,207,324,530
70,Evan,Brown,evan.brown@example.com,555-3847,May 15th 90,Marketing,106205,,,Data_70_11,844,Data_70_13,,,Data_70_16,357,342,80,error,Data_70_21,557,NULL,,Data_70_25,195,NULL,,Data_70_29,,729,#N/A,,298,,789,,Data_70_38,,error,NULL,Data_70_42,,Data_70_44,Data_70_45,572,229,#N/A,Data_70_49,254
71,Fiona,Jones,fiona.jones@example.com,555-2571,1990-05-15,IT,51509,,,Data_71_11,,,56,#N/A,588,, ,742,#N/A,46,,107,Data_71_24,NULL,325,,,Data_71_29, ,390,error, ,,847,,,Data_71_38,Data_71_39,,Data_71_41,354, ,Data_71_44,,906,,,,976
72,Hannah,Jones,hannah.jones@example.com,,1990-05-15,IT,118629,Active,On leave,269,118,error,,Data_72_15,#N/A,#N/A,error,879,Data_72_20,951,617,,,590,,,NULL,581,Data_72_30,812,Data_72_32,,346, ,Data_72_36,,,Data_72_39,71,Data_72_41,,19,Data_72_44,334,102,557, ,Data_72_49,
73,Fiona,Smith,fiona.smith@example.com,555-1029,05/15/1990,HR,106456,Inactive,,139,824,,380,,53,828,error,134,313,424,#N/A,117,Data_73_24,Data_73_25,493,, ,Data_73_29,851,,Data_73_32,,Data_73_34,152,error,500,,,,#N/A,718,254,,Data_73_45,,NULL,Data_73_48, ,696
74,Diana,Williams,diana.williams@example,555-1270,1990-05-15,Engineering,59318,Pending,,,875,378,#N/A,829,, ,Data_74_18, ,,983,,867,NULL,Data_74_25,815,,854,28,,,,782,NULL,931,793,419,449,,,538,,Data_74_43,521,,719,,,Data_74_49,556
75,Bob,Williams,bob.williams@example.com,555-8776,05/15/1990,IT,TBD,Pending,Good worker,618,830,18,673,,502, ,,,116,, ,Data_75_23,Data_75_24,,,Data_75_27,Data_75_28,Data_75_29,664,Data_75_31,,Data_75_33,,,139,,Data_75_38,#N/A,error,79,,,Data_75_44,Data_75_45,error,193,Data_75_48, ,
76,Evan,Jones,evan.jonesexample.com,,May 15th 90,,80694,,"Promoted, highly skilled",Data_76_11,,464,,Data_76_15,Data_76_16,966,Data_76_18,751,,333,,Data_76_23,285,,#N/A,,139,Data_76_29,Data_76_30,Data_76_31,,,Data_76_34,,,,663,726,,NULL,343,Data_76_43,Data_76_44,#N/A,621,564,167,Data_76_49,0
77,Evan,Garcia,evan.garcia@example,,05/15/1990,Sales,109398,,Good worker,886,Data_77_12,795,902,,483,,, ,,error,#N/A,error,938,,41,Data_77_27,,error,Data_77_30,,225, ,Data_77_34,,13,,Data_77_38,968,Data_77_40,Data_77_41,,#N/A,Data_77_44,34,,342,803,Data_77_49,
78,Hannah,Garcia,hannah.garcia@example.com,555-3893,05/15/1990,,73226,Active,,error,#N/A,97,74,,Data_78_16,131,Data_78_18,error,,NULL,386,,,489,152,Data_78_27,,,Data_78_30,330,103,,Data_78_34,646,Data_78_36,Data_78_37,error,677,,Data_78_41,Data_78_42,Data_78_43,282,Data_78_45,NULL,Data_78_47,,error,664
79,Alice,Davis,alice.davis@example.com,555-3794,05/15/1990,,94280,Pending,,345,,344,,Data_79_15,Data_79_16,,Data_79_18,Data_79_19,75,Data_79_21,,Data_79_23,577,755,,872,Data_79_28,Data_79_29,#N/A,,#N/A,,638, , ,Data_79_37,317,Data_79_39,755,,#N/A,258,Data_79_44,,Data_79_46,error,Data_79_48,,43
80,Bob,Williams,bob.williams@example.com,555-3917,1990-05-15,Finance,90314,,Good worker,NULL,Data_80_12,6, ,NULL,111,Data_80_17,523,, ,,,Data_80_23,,,,Data_80_27,,974,716,,,error,Data_80_34,error,Data_80_36,NULL,,Data_80_39,,error,,,Data_80_44,error,,187,Data_80_48,,196
81,Bob,Williams,bob.williams@example.com,555-6264,05/15/1990,Sales,74996,Inactive,,474,854,166,,508,3,759,,137,,,364,378,,Data_81_25,error,233,728,779,579,,582,error,Data_81_34,,707,,,248,112,Data_81_41,,,539,,766,NULL,694,#N/A,
82,Alice,Garcia,alice.garcia@example,555-8665,05/15/1990,IT,61682,Pending,Needs review,454,Data_82_12,723,,862,Data_82_16,200,,,440,,,,,590,,Data_82_27,Data_82_28,, ,Data_82_31,960,331,,732,733,,364,Data_82_39,,225,,85,,,Data_82_46,Data_82_47,NULL,588,611
83,Diana,,diana.williams@example.com,555-4111,,Marketing,97726,,Good worker,Data_83_11,#N/A,Data_83_13,519,, ,188,507,685,,920,Data_83_22,,Data_83_24,Data_83_25,Data_83_26,836,886,,,186,181,Data_83_33,error,Data_83_35,,,704,error,error,710,,,Data_83_44,,Data_83_46,Data_83_47,Data_83_48,,5
84,,Smith,charlie.smith@example.com,555-1029,05/15/1990,IT,TBD,,, ,Data_84_12,Data_84_13,75,844,,error,error,NULL,457,297,,,,Data_84_25,904,521,,Data_84_29,259, ,Data_84_32,581,Data_84_34,Data_84_35,Data_84_36,595, ,189,,Data_84_41,649,Data_84_43,532,Data_84_45,494,335,Data_84_48,error,Data_84_50
85,Fiona,Brown,fiona.brown@example,555-8063,05/15/1990,Finance,83912,Active,Good worker,error,NULL,,Data_85_14,Data_85_15,165,521,432,349,600,,NULL,994,898,,561,191,258,error,770,818,,816,814,,,,Data_85_38,,Data_85_40,Data_85_41,847,,316,313,#N/A,NULL,#N/A,Data_85_49,466
86,Hannah,Davis,hannah.davis@example.com,,1990-05-15,HR,58467,Pending,,#N/A,Data_86_12,,Data_86_14,,,,212,,817,Data_86_21,271,,Data_86_24,,,,69,,693,,387,215,Data_86_34,200,,942,301,Data_86_39,462,,805,Data_86_43,,98,,error,Data_86_48,Data_86_49,
87,Hannah,Miller,hannah.miller@example.com,555-7755,1990-05-15,Engineering,$65651,Pending,"Promoted, highly skilled",,196,NULL,470,error, ,285,306,,665,,,Data_87_23,,,867,Data_87_27, ,Data_87_29,,Data_87_31,,Data_87_33,347,255,error,,Data_87_38,,NULL,error,902,159,Data_87_44,Data_87_45,,Data_87_47,error,NULL,error
88,George,Brown,george.brown@example.com,555-7148,May 15th 90,IT,73823,,,402,709,,835,203,3,#N/A,72,422,838,777,NULL,Data_88_23,,,Data_88_26,,Data_88_28,,,,Data_88_32,239,,,368,,,,Data_88_40,Data_88_41,,,775,Data_88_45,Data_88_46,Data_88_47, ,382,error
89,  Bob  ,Jones,bob.jones@example.com,,,Sales,$96411,Pending,,Data_89_11,Data_89_12,Data_89_13,230,595,,,431,,error,466,941,Data_89_23,468,394,error,,835,Data_89_29,267,737,521,Data_89_33,427,,Data_89_36,,,,342,766,,333,622,Data_89_45,661,,726,,
90,Evan,Williams,evan.williams@example.com,555-6169,1990-05-15,IT,62896,Inactive,,#N/A,,Data_90_13,Data_90_14,393,NULL,,NULL,#N/A,Data_90_20,,Data_90_22,785,Data_90_24,,,,686,628,error,Data_90_31,Data_90_32,,Data_90_34,,,,734,,970,,Data_90_42,770,283,905,NULL,583,Data_90_48,error,#N/A
91,Bob,Garcia,bob.garcia@example.com,,05/15/1990,Sales,$66522,Pending,,129, ,,#N/A,,error,779,,944,,error,389,471,887,,,#N/A,282,,985,Data_91_31, ,480,247,542,15,Data_91_37,,Data_91_39,Data_91_40,,873,,,871,Data_91_46,#N/A,,,726
92,Alice,Garcia,alice.garcia@example.com,555-8698,1990-05-15,Sales,113810,Pending,,816,,Data_92_13,225,522,480,Data_92_17, ,,681,,,,,Data_92_25,466,123,#N/A,Data_92_29,204,,370,595,821,,,Data_92_37,913,,985,,Data_92_42,Data_92_43,497,,166,959,48,300,
93,Hannah,Brown,hannah.brown@example.com,555-7589,,Engineering,$58293,Pending,,493,Data_93_12,, ,Data_93_15,Data_93_16,784,734,868,Data_93_20,,,233,Data_93_24,534,617,792,NULL,,Data_93_30,,Data_93_32,Data_93_33,NULL,,,434,Data_93_38,824,829,520,NULL,Data_93_43,,,530,545,515,Data_93_49,
94,Charlie,Smith,,555-5761,1990-05-15,IT,50529,Inactive,Needs review,,Data_94_12,Data_94_13,NULL,,Data_94_16,307, ,Data_94_19,Data_94_20,Data_94_21,101,Data_94_23,Data_94_24,,Data_94_26,308,NULL,30,Data_94_30,,,812,,192,586,Data_94_37,266,301,,,,Data_94_43,641,,Data_94_46,, ,Data_94_49,535
95,Bob,Brown,,555-2905,05/15/1990,Sales,97022,,"Promoted, highly skilled", ,,error,467,,NULL,482,,718,,751,941, ,,438,951,,473,,Data_95_30,924,,617,915,683,,#N/A,,Data_95_39, ,error,Data_95_42,Data_95_43,560,,,,437,913,
96,Diana,Johnson,diana.johnson@example.com,555-4777,,Engineering,110487,Pending,On leave,,NULL,226,,679,Data_96_16,,Data_96_18,955, ,NULL,Data_96_22,,,,error,Data_96_27,NULL,759,,,743,,298,Data_96_35,222,777, ,#N/A,275,46,260,,328,error,Data_96_46,666,,,348
97,Fiona,Johnson,fiona.johnsonexample.com,,05/15/1990,HR,74549,Inactive,Needs review,302,93,#N/A,NULL,191,,,Data_97_18,102,,192,Data_97_22,534,54,,,840,,Data_97_29,112,701,833,Data_97_33,,Data_97_35,246,Data_97_37,,Data_97_39,Data_97_40,,,,478,258,,,205, ,752
98,Charlie,Johnson,charlie.johnson@example.com,555-9685,05/15/1990,Engineering,118152,Active,Needs review,Data_98_11,707,,,319,776, ,286,,,,525,,,91,,666,97,,NULL,Data_98_31,,,,,#N/A,Data_98_37,,NULL,,Data_98_41, ,Data_98_43,794,#N/A,Data_98_46,727,,,
99,,Williams,alice.williamsexample.com,555-9307,May 15th 90,Marketing,91433,Pending,, ,,868,285,NULL,,423,,error,Data_99_20,967,826,,,,Data_99_26,833,5,error,,155,766, ,503,,,965,,Data_99_39,201,,Data_99_42,,,,66,,822,,Data_99_50
100,Hannah,Smith,hannah.smith@example.com,555-7294,May 15th 90,Finance,82993,Pending,On leave,914, , ,,563,944,881,Data_100_18,Data_100_19,Data_100_20,718,643, ,196,Data_100_25,802,Data_100_27,649,,,790,704,165,Data_100_34,,829,,error,, ,813,326,,275,170,,,,error,581
101,Evan,Miller,evan.millerexample,555-6884,05/15/1990,Engineering,77603,Inactive,"Promoted, highly skilled",472,NULL,260,Data_101_14,error,,NULL,476,,295,Data_101_21,965,849,Data_101_24,763,Data_101_26,,,368,Data_101_30,Data_101_31,,999,,117,,Data_101_37,Data_101_38,Data_101_39,#N/A,65,error,Data_101_43,error,,898,677,642,#N/A,
102,,Miller,charlie.miller@example.com,555-7696,05/15/1990,Marketing,,Pending,,480,300,,326,,,491, ,NULL,,,519,671,483,346,,Data_102_27,471,179,114,error,,,,,Data_102_36,,742,,Data_102_40,Data_102_41,NULL,Data_102_43,431,,928,,,,357
103,Hannah,Miller,hannah.millerexample.com,555-3114,05/15/1990,Finance,68472,Active,On leave,,635,,308,219,264,406,,Data_103_19,23,Data_103_21,,,Data_103_24,,149,363,,error,81,,,#N/A,,Data_103_35,, ,Data_103_38,,,error,634,135,446,Data_103_45,,567,633,Data_103_49,error
104,Evan,Smith,evan.smith@example.com,555-2821,,HR,,Active,,,,,601,Data_104_15,,,54,,,961,,830,259,559,Data_104_26,,Data_104_28,632,699,152,382,665,579,Data_104_35,#N/A,205,NULL,,575,,error,269,,751,,,,,614
105,  Evan  ,Davis,,555-9582,1990-05-15,Engineering,65668,Pending,,,Data_105_12,,954,478,279,Data_105_17,NULL,76,381,, ,Data_105_23,,error,,,Data_105_28,378,,Data_105_31,Data_105_32,#N/A,Data_105_34,72,,Data_105_37,887,Data_105_39,,105,414,,error,,Data_105_46,709,Data_105_48,951,#N/A
106,George,Miller,george.miller@example.com,555-6173,1990-05-15,Sales,$59516,Pending,,,Data_106_12,58,617,Data_106_15,Data_106_16,627,Data_106_18,382,Data_106_20,,766,,674,Data_106_25,#N/A,816,Data_106_28,200,,,error,#N/A,169,,715,401,,error,error,,, ,911,,Data_106_46,882,Data_106_48,Data_106_49,Data_106_50
107,Fiona,Smith,fiona.smith@example.com,555-9166,05/15/1990,Marketing,54738,Active,,#N/A,655,,,NULL,Data_107_16,944,,Data_107_19,401,NULL,Data_107_22,#N/A,#N/A,415,,,82,954,Data_107_30,error, ,Data_107_33,error,318,Data_107_36,Data_107_37,,,,,736,Data_107_43,,Data_107_45,,,,,435
108,Evan,Miller,evan.miller@example.com,555-9808,May 15th 90,IT,$96646,,Needs review,718,NULL,,594,Data_108_15,NULL,272,,61,,Data_108_21,Data_108_22,993,986,error,720,#N/A,392,,888,,509, ,,,228, ,#N/A, ,915,Data_108_41,842,,818,163,508,50,Data_108_48,,
109,Evan,Johnson,evan.johnson@example.com,555-4213,1990-05-15,IT,TBD,Pending,,,,error,,,,496,Data_109_18,,,650,,,Data_109_24,,,Data_109_27,,18,Data_109_30,Data_109_31,#N/A,87,228,Data_109_35, ,Data_109_37,Data_109_38,326,,,600,, ,Data_109_45,608,,Data_109_48,Data_109_49,
110,Bob,Miller,bob.miller@example.com,555-9621,,Finance,,,,,264,,76,Data_110_15,Data_110_16,368,811,#N/A,,,318,Data_110_23,Data_110_24,Data_110_25,,Data_110_27,836,Data_110_29,353,NULL,,NULL,443,,Data_110_36,error, ,616,Data_110_40,996,#N/A,,635,Data_110_45,502,Data_110_47,612,42,388
111,Alice,Johnson,alice.johnson@example,555-7496,1990-05-15,Engineering,112634,Pending,Needs review,error,NULL,NULL,,864,327,,error,692,,#N/A,,857,Data_111_24,,,Data_111_27,259,,649,Data_111_31,692,652,Data_111_34,Data_111_35,Data_111_36,,Data_111_38,NULL,,Data_111_41,,302,169,256,,244,575,865,error
112,Diana,Jones,diana.jonesexample.com,555-4007,05/15/1990,HR,111046,Pending,,,,180,Data_112_14,396,Data_112_16,Data_112_17,,Data_112_19,,error,969,306,,Data_112_25,,,544,549,,600,337,#N/A,Data_112_34,Data_112_35,,966, ,,,error,,Data_112_43,Data_112_44,,,error,354,,Data_112_50
113,  Bob  ,Brown,bob.brown@example.com,555-6425,1990-05-15,Engineering,86647,Active,,0,,error, ,,,39,,699,987,247,,457,838,425,528,Data_113_27, ,819,,#N/A,,error,Data_113_34,Data_113_35,Data_113_36,924,,Data_113_39,,673,995,Data_113_43,Data_113_44,Data_113_45,,Data_113_47,,Data_113_49,751
114,Diana,,diana.davis@example.com,,May 15th 90,HR,112415,,,,,954, ,623,#N/A,203,10,695, ,#N/A,Data_114_22,Data_114_23,,error,,,583,,,#N/A,error,#N/A,,,,Data_114_37,690,456,,131,28,814,Data_114_44,,#N/A,302,Data_114_48,#N/A,
115,  Diana  ,Johnson,diana.johnsonexample.com,555-2977,May 15th 90,Marketing,62220,,On leave,951,Data_115_12,,,#N/A,244,721,,,401,,636,801,8,519,Data_115_26,,,Data_115_29,,Data_115_31,error,Data_115_33,Data_115_34,579,,,,,, ,101,,Data_115_44,244,,546,Data_115_48,921,878
116,George,Johnson,george.johnson@example.com,555-2622,,,71360,Inactive,Good worker,289,Data_116_12,2,Data_116_14,482,484,,937,Data_116_19,265,,,Data_116_23,328,391,944,, , ,Data_116_30,,,438,,538, ,731,112,542,,,,Data_116_43,NULL,#N/A,Data_116_46,,,807,Data_116_50
117,Evan,Brown,evan.brown@example.com,555-1553,,,85909,Pending,On leave,Data_117_11,672,178,695,,Data_117_16,,,, ,474, ,NULL,790,336,223,Data_117_27,Data_117_28,,,,,612,209,NULL,49,error,#N/A,,Data_117_40,,,75,Data_117_44,NULL,593,,829,NULL,
118,Charlie,Garcia,charlie.garcia@example,555-9666,05/15/1990,Sales,66260,,,996, ,72,289, , ,Data_118_17,Data_118_18,Data_118_19,508,NULL,949,,255,Data_118_25,,,Data_118_28,167,,Data_118_31,,,259,Data_118_35,644,503,error,Data_118_39,,,630,137,Data_118_44,,23,Data_118_47,335,58,
119,Bob,Jones,bob.jonesexample.com,555-3811,05/15/1990,Marketing,90503,Active,,167,994,,,728,994,427,651,,904,Data_119_21,,,, ,Data_119_26,306,Data_119_28,117,167,299,,557,Data_119_34,365,Data_119_36,Data_119_37,Data_119_38,#N/A,373, ,error,,Data_119_44,Data_119_45,15,,,,961
120,  Alice  ,Davis,alice.davis@example.com,,1990-05-15,Marketing,55188,Inactive,,Data_120_11,,,,969,599,11,Data_120_18,Data_120_19,error,660,195,,Data_120_24,696,708,Data_120_27,303,,885,680,, ,,,Data_120_36,408,120,Data_120_39, ,372,,795,,Data_120_45,874,Data_120_47,784,780,228
121,Fiona,Davis,fiona.davis@example.com,,05/15/1990,Sales,,Pending,,#N/A,404, ,#N/A,Data_121_15,Data_121_16,,Data_121_18,127,104,,,296,,Data_121_25,329,Data_121_27,#N/A,151,error,,Data_121_32,,error,982,,Data_121_37,39,Data_121_39,Data_121_40,Data_121_41,Data_121_42,Data_121_43,Data_121_44,641,252,NULL,,error,
122,Alice,Smith,,555-3274,05/15/1990,Finance,$111305,Pending,,,,Data_122_13,952,Data_122_15,,Data_122_17,Data_122_18,391,Data_122_20,,438,35,Data_122_24,,Data_122_26,127,910,#N/A,Data_122_30,,,,, ,#N/A,,,Data_122_39,Data_122_40,612,,,696,,Data_122_46,117,,Data_122_49, 
123,Alice,Johnson,alice.johnson@example.com,555-8914,,Sales,55745,Pending,On leave,,,,,,469,,,,541,error,Data_123_22,NULL,,Data_123_25,,213,717, ,544,,,771,,Data_123_35,Data_123_36,384,,623,error,311, ,561,779,Data_123_45,,Data_123_47,,,
124,Hannah,Jones,hannah.jones@example.com,,05/15/1990,,56004,Active,,#N/A,Data_124_12,#N/A,Data_124_14,,693,Data_124_17,,Data_124_19,#N/A,938,NULL,,error,,Data_124_26,,133,712,Data_124_30,,599,4,,,707,Data_124_37,Data_124_38,13,Data_124_40,,432,,NULL,,396,Data_124_47,Data_124_48,836,516
125,Charlie,Miller,charlie.miller@example.com,555-6819,05/15/1990,Marketing,96875,,,62,414,614,Data_125_14,#N/A,,Data_125_17,369,631,,Data_125_21,,,,,43,Data_125_27,441,Data_125_29,888,,error,,875,,error,Data_125_37,72,NULL,767,929,#N/A,763,,798,#N/A,181,49,Data_125_49,641
126,Charlie,Garcia,charlie.garciaexample.com,555-1782,05/15/1990,Marketing,$59124,Inactive,Good worker,786,,,905, ,NULL,error,Data_126_18,,error,,,,1,,926,,749,,759,,938,587,Data_126_34,,525,Data_126_37,,,error,591,,,277,Data_126_45,,927,,Data_126_49,307
127,Hannah,Brown,hannah.brown@example,,1990-05-15,Marketing,$64448,Inactive,,,Data_127_12,687,Data_127_14,Data_127_15,876,,NULL,,,Data_127_21,Data_127_22,,,Data_127_25,,,39,error,Data_127_30,Data_127_31,768,194,Data_127_34,,Data_127_36,NULL,324,738,Data_127_40, ,Data_127_42,Data_127_43,779,382,759,330,865,#N/A,722
128,Charlie,Johnson,charlie.johnson@example.com,,1990-05-15,Engineering,90449,Active,"Promoted, highly skilled",,,,,Data_128_15,862,828,522,error,,474,,952,,Data_128_25,Data_128_26,536,#N/A,643,NULL,296,Data_128_32,966,,,#N/A,588,NULL,942,,939,, ,,#N/A,359,,,140,207
129,Alice,Smith,alice.smith@example.com,,05/15/1990,Finance,114493,,,,654,,Data_129_14,Data_129_15,513,,Data_129_18, ,#N/A,440,,,695,Data_129_25,169,,Data_129_28,Data_129_29,357,261,Data_129_32,707,,613,190,,Data_129_38,#N/A,,Data_129_41,689,,NULL,Data_129_45,Data_129_46,Data_129_47,NULL,,64
130,Evan,Johnson,evan.johnson@example.com,555-5136,05/15/1990,IT,113313,,,436,,462,,520,821,176, ,,,NULL,150,59,Data_130_24,,213,580,, ,,,631,146,,,727,,754,387,,,684,264,,,198,,Data_130_48,,265
131,Bob,Jones,,555-8300,1990-05-15,IT,103081,Pending,,Data_131_11,383,,291,295,Data_131_16,,861,117,696,74,,797,Data_131_24,,662,,,Data_131_29,,,538,,,Data_131_35,231,,,904,,445,,,847,,Data_131_46,576,Data_131_48,639,
132,George,Williams,george.williams@example.com,555-9532,,Finance,55854,Active,On leave,Data_132_11,,Data_132_13,,,851,#N/A,Data_132_18,461,,737,#N/A,Data_132_23,174,Data_132_25,465,242,,NULL,Data_132_30,Data_132_31,397,244,774,NULL,868,#N/A,Data_132_38,,Data_132_40,Data_132_41,,691,450,502,Data_132_46,Data_132_47,,697,159
133,Fiona,Davis,fiona.davis@example,555-1079,,,$103045,Pending,,25,,,Data_133_14,,370,82,,411,452,,,Data_133_23,Data_133_24,484,Data_133_26,,,269,#N/A,,956,Data_133_33,,162,#N/A,Data_133_37,,,,421,469,Data_133_43,394,349,,,#N/A,746,
134,Hannah,Garcia,hannah.garcia@example.com,,1990-05-15,HR,107194,Active,,890,,,,629,Data_134_16,348,Data_134_18,error,,,,896,Data_134_24,385,804,,,#N/A,,#N/A,,312,,707,#N/A,,,,70,Data_134_41,Data_134_42,error,Data_134_44,625,91,847,,Data_134_49,600
135,  Charlie  ,Miller,charlie.miller@example.com,555-3318,05/15/1990,Finance,94962,,Good worker,,,258,,,Data_135_16,802,error,216,815, ,#N/A,,,Data_135_25,695,Data_135_27,Data_135_28,#N/A,520,,0,Data_135_33,Data_135_34,815,,Data_135_37,76,Data_135_39,656,Data_135_41,Data_135_42,968,713,,,Data_135_47,#N/A,576, 
136,Evan,Miller,evan.miller@example.com,555-1348,,Engineering,96965,Active,"Promoted, highly skilled",380,,NULL,,,,Data_136_17,83,Data_136_19,Data_136_20,590,,,error,830, ,#N/A,250,Data_136_29,105,,,Data_136_33, ,419,Data_136_36,Data_136_37,Data_136_38,Data_136_39,Data_136_40,,Data_136_42,855,,917,,Data_136_47,769,332,
137,Diana,Brown,diana.brown@example.com,555-4598,05/15/1990,Engineering,83906,Inactive,,,326,#N/A,632,Data_137_15,1,451,,470,,297,633,,,,954,,648,,,Data_137_31,863,NULL,,Data_137_35,321,error,722,NULL,,Data_137_41,,272,515,,700,#N/A,965,807,
138,Bob,Jones,bob.jones@example.com,555-2628,05/15/1990,HR,$51723,Pending,"Promoted, highly skilled",Data_138_11,847,#N/A,,#N/A,969,712,Data_138_18,443,451, ,,,666,Data_138_25,Data_138_26,, ,,303,765,,589,,#N/A,,,,error,NULL,320,Data_138_42,437,,,,,Data_138_48,992,
139,Evan,Garcia,evan.garcia@example.com,,1990-05-15,,88266,Pending,Needs review,539,Data_139_12,, ,,,,Data_139_18,NULL,Data_139_20,,Data_139_22,Data_139_23,,715,,#N/A,Data_139_28,854,684,,960,Data_139_33,,297, ,, ,Data_139_39,Data_139_40,Data_139_41,190,Data_139_43,736,,796,946,Data_139_48,Data_139_49,
140,,Johnson,george.johnson@example.com,555-4257,1990-05-15,Finance,88488,Inactive,On leave,557,669,68,331,#N/A,,NULL,Data_140_18,,Data_140_20, ,,Data_140_23,Data_140_24,592,Data_140_26,748,,,,Data_140_31,Data_140_32,,,,Data_140_36,Data_140_37,Data_140_38,Data_140_39,,,,,,error,Data_140_46,626,error,error,90
141,Bob,Williams,bob.williams@example.com,555-2637,1990-05-15,,100901,Active,Needs review,445,446,610,,,,Data_141_17,NULL,178,895,,,,512, ,813,, ,,error,,28, ,,Data_141_35,NULL,,468,619,623,#N/A,765,Data_141_43,,955,,827,189,956,
142,Fiona,Williams,fiona.williams@example,555-7553,,IT,$79292,,,,Data_142_12,618,511,178,187,,,936,329,673,,Data_142_23,203,,596,NULL, ,#N/A,error,120,,Data_142_33,,NULL,Data_142_36,,Data_142_38,535,,#N/A,#N/A,718, ,513,859,Data_142_47,,error,Data_142_50
143,George,,george.brown@example.com,555-3594,May 15th 90,Engineering,TBD,Active,Good worker,error,Data_143_12,,432,#N/A,,,#N/A,581,,,648,648,,582,97,670,557, ,Data_143_30,407,,192,,,519,672,#N/A,,NULL,699,,859,Data_143_44,528,,,,error,49
144,Evan,Jones,evan.jonesexample.com,,05/15/1990,Sales,82585,Active,"Promoted, highly skilled",,,180,Data_144_14,,,,,NULL,645,,975,error,407,, ,Data_144_27,747,Data_144_29,344,689,error,Data_144_33,NULL, ,443,,,Data_144_39,error,499,289,Data_144_43,Data_144_44,Data_144_45,,,791,621,
145,Fiona,Brown,fiona.brown@example.com,555-7485,05/15/1990,,50467,Pending,On leave,Data_145_11,447,563,,,231,Data_145_17,error,error,183,880,128,658,,148,Data_145_26,521,,,Data_145_30,378,564,Data_145_33,Data_145_34,,NULL,,#N/A,Data_145_39,,NULL,,Data_145_43,,228,Data_145_46,#N/A,Data_145_48,,
146,Evan,Williams,evan.williams@example.com,,05/15/1990,IT,63230,Inactive,On leave,247,, ,#N/A, ,180,415,,#N/A,,,831,NULL,894,Data_146_25,,101,979,361,276,297,778,788,#N/A,, ,931,,Data_146_39, ,,243,Data_146_43,898,694,812,,,690,70
147,Evan,Smith,,555-8451,1990-05-15,Finance,$65140,Pending,"Promoted, highly skilled",Data_147_11,,355,0,Data_147_15,Data_147_16,,494,NULL,,,574, ,,,,Data_147_27,Data_147_28,564,Data_147_30,error,,644,,Data_147_35,575,,Data_147_38,295,Data_147_40,Data_147_41,Data_147_42,966,,526, ,305,,,98
148,Evan,Williams,evan.williamsexample.com,555-5582,1990-05-15,Finance,76746,Inactive,"Promoted, highly skilled",223,Data_148_12,,Data_148_14,Data_148_15,#N/A,,,,402,Data_148_21,,,437, ,,23,Data_148_28,123,Data_148_30,,705,Data_148_33,122,,,,965,,Data_148_40,667,48,,196,279,error,,,Data_148_49,643
149,Evan,Jones,evan.jones@example.com,555-9753,May 15th 90,Engineering,TBD,Active,,41,601,934,643,,,,Data_149_18,,,,error,error,#N/A,,,NULL,,913,Data_149_30,,971,#N/A,#N/A,,Data_149_36, ,988,288,282,Data_149_41,604,,429,,501,26,311,Data_149_49,763
150,Fiona,Davis,fiona.davis@example.com,555-8865,05/15/1990,,,Active,Needs review,Data_150_11,,584,,,,,Data_150_18,172,,746,,NULL,,440,623,#N/A,,187,82,Data_150_31,Data_150_32,,27,,314,, ,544,,Data_150_41,Data_150_42,511,936,22,,Data_150_47,Data_150_48,,Data_150_50
151,Bob,Jones,bob.jones@example.com,555-9109,May 15th 90,Finance,70766,Active,,,,Data_151_13,272,Data_151_15,,641,,,295,170,341,,907,219,error,,536,#N/A,268,,Data_151_32,309, ,Data_151_35,,469,,177,,,937,,Data_151_44,Data_151_45,870,,Data_151_48,NULL,Data_151_50
152,,Smith,george.smith@example.com,555-4626,May 15th 90,HR,84026,Inactive,,,,718,Data_152_14,881,Data_152_16,742,,852,Data_152_20,521,Data_152_22,505,Data_152_24,,Data_152_26,,Data_152_28,Data_152_29,,Data_152_31,Data_152_32,#N/A,Data_152_34,622,,,550,Data_152_39,68,,,246,,475,,Data_152_47,868,,
153,Fiona,Miller,fiona.millerexample.com,,1990-05-15,Sales,81297,Active,,NULL,,818,,, ,Data_153_17,error,914,184,539,,838,,218,712,NULL,error,,Data_153_30,530,,461,,376,,997,210,Data_153_39,448,,Data_153_42,#N/A,344,496,Data_153_46,,992,error,439
154,Charlie,Johnson,charlie.johnson@example.com,555-9144,1990-05-15,Finance,111137,Pending,,Data_154_11,Data_154_12, ,Data_154_14,126,585,,185,,352,NULL,547,,error,Data_154_25,,Data_154_27,Data_154_28,970,,,6,683,,189,74,244,Data_154_38,NULL,520,Data_154_41,,,,Data_154_45,, ,,,#N/A
155,George,Jones,george.jonesexample.com,555-6330,1990-05-15,,65542,,Good worker,217,,error,,Data_155_15,,448,,Data_155_19,Data_155_20,847, ,390,Data_155_24,346,974,,,236,Data_155_30,Data_155_31,425,Data_155_33,347,Data_155_35,690, ,,,733,644,967,917,,625,68,Data_155_47,NULL,Data_155_49,358
156,Alice,Brown,alice.brown@example,555-2268,05/15/1990,,114721,Active,,,190,, ,#N/A, ,Data_156_17,,Data_156_19,382,295,NULL,Data_156_23,Data_156_24,400,,164,Data_156_28,301,NULL, ,,,158,Data_156_35,Data_156_36,Data_156_37,997,,, ,Data_156_42,#N/A,803,,Data_156_46,#N/A,985, ,619
157,Diana,Davis,diana.davis@example.com,555-9680,05/15/1990,HR,$60954,Active,,,NULL,,,,651,Data_157_17,NULL,#N/A,11,Data_157_21,873,,Data_157_24,,Data_157_26,error,,Data_157_29,405,#N/A,error,Data_157_33,NULL,911,,NULL,,Data_157_39,38,#N/A,841,Data_157_43,708,Data_157_45,,,273,Data_157_49,672
158,Bob,Smith,bob.smith@example.com,555-2485,,Sales,115028,,Good worker,889,493,128,Data_158_14,Data_158_15,Data_158_16,Data_158_17,,Data_158_19,92,#N/A,458,NULL,Data_158_24,Data_158_25,899,,614,984,Data_158_30,537,Data_158_32,,,Data_158_35,NULL,318,117,31,,Data_158_41,Data_158_42,717,245,,644,,398,,648
159,Bob,Garcia,bob.garciaexample.com,555-3046,1990-05-15,IT,107829,,Good worker,,108,Data_159_13,205,519,494,,,,,639,,Data_159_23,640,549,,620,Data_159_28,Data_159_29,,Data_159_31,886,,,104,error,140,561,,1,Data_159_41,,Data_159_43,722,Data_159_45,Data_159_46,Data_159_47,,417,
160,George,Davis,george.davis@example.com,555-3328,1990-05-15,IT,88105,Active,,,,,Data_160_14,#N/A,,573,Data_160_18,Data_160_19,Data_160_20,233,,,Data_160_24,,527,error,148,524,,,939,,Data_160_34,965,Data_160_36,error,error,875,,48,Data_160_42,,, ,Data_160_46,167,,Data_160_49,Data_160_50
161,,Johnson,hannah.johnson@example.com,555-6793,05/15/1990,Marketing,$58141,Inactive,,Data_161_11,449,728,,,Data_161_16, ,,,132,Data_161_21,Data_161_22,Data_161_23,,196,219,,862, ,918,,282,,852,,Data_161_36,Data_161_37,NULL,Data_161_39,605,199,465,Data_161_43,Data_161_44,Data_161_45,,Data_161_47,,,193
162,George,Davis,george.davis@example.com,555-6892,1990-05-15,Sales,$101067,Inactive,,447,NULL,163,896,,Data_162_16,895,762,Data_162_19,Data_162_20,,Data_162_22,error,,,,,190,#N/A,354,Data_162_31,Data_162_32,error,NULL,668,,775,error,,,541,Data_162_42,,Data_162_44,321,286,850,366,,908
163,,Brown,evan.brown@example.com,555-7197,1990-05-15,Engineering,92512,Inactive,Good worker,,241,#N/A,Data_163_14,411,Data_163_16,#N/A,Data_163_18,,303,Data_163_21,821,,error,Data_163_25,466,687, ,197,,Data_163_31,310,401,Data_163_34,,error,182,Data_163_38,,Data_163_40, ,Data_163_42,Data_163_43,423,,,905,145,Data_163_49,779
164,Alice,Smith,alice.smith@example.com,555-4937,05/15/1990,Engineering,82559,Active,,Data_164_11,Data_164_12,,NULL,,860,,611,228,Data_164_20,26,,40,Data_164_24,error,Data_164_26,, ,#N/A,Data_164_30,449,,60,,error,Data_164_36,204,,22,Data_164_40, ,,,,Data_164_45,,,,948,
165,George,Smith,george.smith@example.com,555-8615,05/15/1990,HR,116687,Pending,,Data_165_11,,802,189,Data_165_15,,,,error,,Data_165_21,NULL,,Data_165_24,,669,,32,915,NULL,NULL,Data_165_32,95,,Data_165_35,,Data_165_37,,,Data_165_40,,61,,525,,,82,63,error,18
166,  Bob  ,Smith,,,1990-05-15,Engineering,87374,Active,,,,788,,Data_166_15,,Data_166_17,32,Data_166_19,,Data_166_21,131,246,821,Data_166_25,168,194,,619,811,,,,,59,,,921,948,Data_166_40,442,,Data_166_43,909,640,,error,994,Data_166_49,
167,Bob,Johnson,bob.johnson@example.com,,,HR,,Active,On leave, ,Data_167_12,,NULL,,523,Data_167_17, ,216,314, ,NULL,Data_167_23,983,Data_167_25,,,629,292,686,Data_167_31,,,720,,,,NULL,,Data_167_40,,,,897,922,,,,,59
168,Hannah,Jones,hannah.jones@example.com,555-9342,May 15th 90,IT,$105249,,"Promoted, highly skilled",Data_168_11,,107, ,Data_168_15,,827,,156,error,60,,error,,640,NULL,,Data_168_28,Data_168_29,Data_168_30,938,Data_168_32,690,682,,800,562,#N/A,Data_168_39,,,,,#N/A,152,,error,NULL,,884
169,Alice,Johnson,,555-1994,May 15th 90,Marketing,96045,,,,Data_169_12,54,253,,,,,,362,467,,424,,739, ,Data_169_27,Data_169_28,254,NULL,Data_169_31,,Data_169_33,error,403,,,,Data_169_39,241,,,,,,Data_169_46,796,error,946,392
170,Fiona,Garcia,fiona.garcia@example.com,555-4707,1990-05-15,HR,,,Needs review,522,722,Data_170_13,,327,,395,,,,, ,,Data_170_24,Data_170_25,,Data_170_27,,Data_170_29,459,308,error,164,307,,error,,NULL,NULL,Data_170_40,,Data_170_42,Data_170_43,Data_170_44,390,,,Data_170_48,,Data_170_50
171,Diana,Smith,diana.smith@example.com,555-8115,May 15th 90,IT,77983,Inactive,Good worker,NULL,939,,779,,,Data_171_17,,Data_171_19,Data_171_20,#N/A,Data_171_22,60,error,,Data_171_26,,420,838,23,562,728,760,,Data_171_35,#N/A,397,358,720,,,Data_171_42, ,Data_171_44,error,error,,#N/A,826,307
172,Bob,Garcia,bob.garcia@example,555-7315,May 15th 90,IT,93554,Inactive,,867,Data_172_12,147,460,545,337,395,773,,Data_172_20,,317,,Data_172_24,Data_172_25,677,851,903,,,796,#N/A,235,413,,,,Data_172_38,Data_172_39,error, , ,#N/A,Data_172_44,648,385,,Data_172_48,Data_172_49,Data_172_50
173,Fiona,Miller,fiona.miller@example.com,555-4723,1990-05-15,Sales,101345,Inactive,Needs review,,30,#N/A,188,521,437,Data_173_17,203,730,77,467,625,Data_173_23,493,850,160,63,3,Data_173_29,911,NULL,Data_173_32,414,234,,711,NULL,,942,,221,373,,Data_173_44,Data_173_45,Data_173_46,471,707,Data_173_49,Data_173_50
174,  Hannah  ,Williams,hannah.williamsexample.com,555-2397,05/15/1990,IT,55793,Active,Good worker,Data_174_11,645,771,error,797,224,902,error,,#N/A,,Data_174_22,3,815,#N/A,713,Data_174_27, ,384,535,678,534,387,20,#N/A,712,,872,,328,,,Data_174_43,620,,error,923,,298,566
175,Alice,,alice.jones@example.com,,May 15th 90,IT,114501,,Good worker,,,Data_175_13,,NULL,,763,error,Data_175_19,Data_175_20,161,133,917,336,NULL,Data_175_26,,857,69,Data_175_30,254,890,174,633,#N/A,,,424,Data_175_39,457,997,NULL,,Data_175_44,Data_175_45,,Data_175_47,721,#N/A, 
176,Hannah,Garcia,hannah.garcia@example.com,555-9898,1990-05-15,Sales,TBD,,Needs review,,Data_176_12,#N/A,660,408,,806,,,249,Data_176_21,Data_176_22,#N/A,,405,682,7,350, ,Data_176_30,Data_176_31,940,411,error,199,6,159,275,Data_176_39,Data_176_40,969,,584,985,312,Data_176_46,684,58,,Data_176_50
177,George,Miller,george.miller@example.com,555-1271,May 15th 90,Finance,118486,Pending,Good worker,, ,585,847,Data_177_15,Data_177_16,#N/A,Data_177_18,,Data_177_20,814,Data_177_22,Data_177_23,,Data_177_25,Data_177_26,102,457,Data_177_29,error,381,Data_177_32,,,Data_177_35,,,617,130, ,534,,Data_177_43,768,Data_177_45, ,,Data_177_48, ,#N/A
178,George,Brown,george.brown@example.com,555-6688,05/15/1990,Engineering,95405,Pending,Good worker,208,,Data_178_13,Data_178_14,error,142,,Data_178_18,471,Data_178_20,,836,119,,,Data_178_26,614,,Data_178_29,197,Data_178_31,error,,331,, ,error,#N/A,55,,919,353,NULL,409,Data_178_45,883,Data_178_47,,,Data_178_50
179,George,Davis,,,05/15/1990,Marketing,$79332,Pending,Good worker,Data_179_11,760,660,599,11,Data_179_16,,,Data_179_19,,,,44,#N/A,,Data_179_26,Data_179_27,NULL,Data_179_29,421,Data_179_31,362,,910,741,651,49,NULL,,,247,Data_179_42,44,Data_179_44,,655,Data_179_47,738,, 
180,Alice,Williams,alice.williams@example.com,555-6339,05/15/1990,Sales,100304,Pending,,,,,326,Data_180_15,,817,,665,,Data_180_21,,NULL,,333,Data_180_26,,322,,,35,364,NULL,173,error,NULL,365,Data_180_38,599,116,Data_180_41,,585,785,Data_180_45,,542,176,439,error
181,Diana,Smith,diana.smith@example.com,555-1583,1990-05-15,,66737,Pending,,,807,264,error,196,,,389,#N/A,269,Data_181_21,,,, ,,Data_181_27, ,900,,886,,,, ,328,818,,,93,error,,Data_181_43,,109,#N/A,Data_181_47,949,,694
182,George,Davis,george.davis@example.com,555-5341,,Finance,93677,Active,"Promoted, highly skilled",,,424,Data_182_14,Data_182_15,,Data_182_17,#N/A,Data_182_19,,98,509,946,Data_182_24,Data_182_25,error,,Data_182_28,466,740,error,Data_182_32,,,531,605,,746,,,Data_182_41,Data_182_42,,,790,,Data_182_47,577,#N/A,Data_182_50
183,Diana,Johnson,diana.johnson@example.com,,1990-05-15,,$86325,Inactive,"Promoted, highly skilled", ,,Data_183_13,,error,Data_183_16,398,Data_183_18,669,,,430,Data_183_23,Data_183_24,700,,#N/A,541,Data_183_29,50,Data_183_31,89,NULL,,711,,815,Data_183_38,,Data_183_40,595,Data_183_42,717, ,259,,Data_183_47,Data_183_48,Data_183_49,782
184,Charlie,Miller,charlie.miller@example.com,,1990-05-15,IT,118366,Active,,545,#N/A,,246,,754,581, ,,,Data_184_21,,Data_184_23,Data_184_24,25,Data_184_26,,error,92,769,,,,Data_184_34,729,523,249,Data_184_38,#N/A,,#N/A,,354, ,,,779,896,Data_184_49,945
185,Alice,Garcia,alice.garcia@example.com,,1990-05-15,IT,111214,Active,,233,,,Data_185_14,error,Data_185_16,,Data_185_18,,265,, ,1,Data_185_24,NULL,NULL,200,NULL,161,77,,183,,#N/A,374,#N/A,578,Data_185_38,Data_185_39,501,270,,,788,578,#N/A, ,783,223,
186,Diana,Smith,diana.smith@example.com,555-1907,,Sales,81947,Inactive,Good worker,Data_186_11,,805,,Data_186_15,Data_186_16,,,#N/A,402,Data_186_21,196,Data_186_23,972,100,,,304,,Data_186_30,420,Data_186_32,767,NULL,#N/A,584,,Data_186_38,457,Data_186_40,Data_186_41,,Data_186_43,302,575,Data_186_46,Data_186_47,Data_186_48,6,676
187,Bob,Garcia,bob.garcia@example.com,555-5027,May 15th 90,Engineering,109470,,"Promoted, highly skilled",415,72,,990,699,Data_187_16,,Data_187_18,, ,Data_187_21,,863,Data_187_24,,#N/A,,Data_187_28,649,976,790,611,,477,Data_187_35,581,,Data_187_38, ,#N/A,Data_187_41,952,466, ,,Data_187_46,Data_187_47,609,839,
188,Evan,Williams,evan.williams@example.com,555-6931,1990-05-15,Engineering,$74045,Inactive,On leave,486,379,,error,918,,#N/A,,543,110,738,399,611,Data_188_24,, ,491,,968,690,532,78,,715,,,437,,#N/A,,507,131,,,827,,#N/A,421,557,Data_188_50
189,Bob,Smith,bob.smith@example.com,555-1036,05/15/1990,Finance,111371,Pending,,Data_189_11,,,,,389,214,Data_189_18,#N/A,,,,error,,779,265,,529,Data_189_29, ,129,406,,446,Data_189_35,NULL,error,923,303,13,,Data_189_42,,,#N/A,,296,,,
190,Bob,Smith,bob.smith@example,555-5441,,Marketing,$101097,Pending,Good worker,,,,Data_190_14,,,,170,,,170,78,,,85,#N/A,,,76,162,error,NULL,error,379,,#N/A,Data_190_37,,686,Data_190_40,7,373,415,Data_190_44,,#N/A,Data_190_47,error,468,error
191,Alice,Jones,alice.jonesexample.com,,05/15/1990,HR,116398,,"Promoted, highly skilled",,356,Data_191_13,Data_191_14,860,75,995,530,744,,810,Data_191_22,Data_191_23,#N/A,,,Data_191_27,,Data_191_29,Data_191_30,133,146,952,533,667,,,,#N/A,,46,,429,Data_191_44,Data_191_45,168,error,539,,#N/A
192,Hannah,Garcia,hannah.garcia@example.com,555-6978,05/15/1990,Finance,100509,Inactive,Needs review, ,,Data_192_13,540,181,,552,861, ,,851,Data_192_22,#N/A, ,40,,#N/A,,Data_192_29,NULL,, ,90,573,Data_192_35,505,Data_192_37,155,928,842,Data_192_41,Data_192_42,,,,,,,82,42
193,Hannah,Johnson,hannah.johnson@example.com,555-6782,05/15/1990,Marketing,106622,Active,"Promoted, highly skilled",589,#N/A,752,344,Data_193_15,563,651,,783,220,764,,,error,error,NULL,,NULL,,,,94,,#N/A,NULL,,Data_193_37,,Data_193_39,557,,325,Data_193_43,60,Data_193_45,,Data_193_47,215,NULL,
194,Evan,Williams,evan.williams@example.com,555-9979,05/15/1990,,79326,Pending,Good worker,Data_194_11,661,,,123,NULL,,393,Data_194_19,,Data_194_21,NULL,93,52,,,,Data_194_28,886,NULL,990,,790,#N/A,370,Data_194_36,,,773,,,353, ,66,Data_194_45,Data_194_46,,Data_194_48,486,
195,George,Smith,george.smith@example.com,555-9400,May 15th 90,IT,94646,,,,440,,623,,,Data_195_17,, ,NULL,794,336,753,241,Data_195_25,Data_195_26,458,,864,Data_195_30,NULL,,NULL,,,Data_195_36,,Data_195_38,,Data_195_40,NULL,,,331,111,296,112,Data_195_48,165,589
196,,Davis,diana.davis@example,555-4081,,Engineering,TBD,Pending,Needs review,,, ,,Data_196_15,Data_196_16,Data_196_17,43,686,Data_196_20,,Data_196_22,,,Data_196_25,,485,,#N/A,Data_196_30,372,error,Data_196_33,406,952,Data_196_36,Data_196_37,,Data_196_39,#N/A,,Data_196_42,Data_196_43,,,565,,168,723,
197,George,Williams,george.williams@example.com,555-9710,May 15th 90,Finance,90815,Pending,Needs review,Data_197_11,Data_197_12,528,,Data_197_15, ,,Data_197_18,,781,251,123,,,860,Data_197_26,NULL,,2,error,#N/A,#N/A,error,,659,,,,Data_197_39,948,Data_197_41,Data_197_42,955,,,792,,Data_197_48,482,
198,George,Jones,george.jones@example,555-2950,May 15th 90,Engineering,$70434,Pending,,421,,,936,,85,798,26,,955,,Data_198_22,,,330,,Data_198_27,Data_198_28,Data_198_29,690,NULL,,534,881,811,Data_198_36,Data_198_37,,Data_198_39,Data_198_40,123,612,778,Data_198_44,NULL,Data_198_46,Data_198_47,,,519
199,Evan,Smith,evan.smith@example.com,555-8837,1990-05-15,Engineering,63193,Active,,,815,error,643,error,360,942,Data_199_18,,error,384,,Data_199_23,949,error,,56,491,Data_199_29,error,845,error,Data_199_33,673,337,288,927,924,Data_199_39,424,, ,770,NULL,140,,638,105,,165
200,  Diana  ,Smith,diana.smith@example.com,555-2039,1990-05-15,Marketing,67978,,,974,, ,#N/A,Data_200_15,65,NULL,,Data_200_19,280,,234,,,Data_200_25,,181,339,852,,225,Data_200_32,787,412,,,56,,327,49,79,NULL,,Data_200_44,Data_200_45,438,107,751,,Data_200_50
